"image","xmin","ymin","xmax","ymax","label"
"0511-08314587114.png",17,178,57,263,2
"0511-08314587114.png",190,178,228,266,2
"0511-08314587114.png",361,182,402,270,2
"0511-08314987314.png",208,94,259,210,2
"0511-08314987294.png",0,109,42,218,2
"0511-08314987294.png",206,112,257,220,2
"0511-08314687154.png",14,171,51,260,2
"0511-08314687154.png",190,173,229,262,2
"0511-08314687154.png",367,175,407,265,2
"0511-08315087334.png",207,76,261,197,2
"0511-08323289434.png",27,241,58,306,2
"0511-08323289434.png",157,244,185,310,2
"0511-08323289434.png",283,249,312,312,2
"0511-08323189394.png",55,265,80,321,2
"0511-08323189394.png",166,268,192,324,2
"0511-08323189394.png",278,272,302,327,2
"0511-08323189374.png",65,272,90,326,2
"0511-08323189374.png",171,276,195,328,2
"0511-08323189374.png",274,279,297,331,2
"0511-08323389474.png",0,210,29,287,2
"0511-08323389474.png",146,213,179,290,2
"0511-08323389474.png",297,219,329,293,2
"0511-08323289454.png",11,228,43,299,2
"0511-08323289454.png",152,231,182,302,2
"0511-08323289454.png",288,235,321,306,2
"0511-08323489534.png",122,122,171,228,2
"0511-08323489534.png",330,129,378,235,2
"0511-08323389494.png",140,188,178,272,2
"0511-08323389494.png",305,194,343,276,2
"0511-08323589574.png",111,19,173,160,2
"0511-08334893254.png",75,219,108,290,2
"0511-08334893254.png",216,224,248,295,2
"0511-08334893254.png",354,230,385,299,2
"0511-08334893234.png",93,239,122,305,2
"0511-08334893234.png",220,244,251,310,2
"0511-08334893234.png",348,249,377,313,2
"0511-08323489554.png",112,79,167,198,2
"0511-08323489554.png",348,88,403,206,2
"0511-08334993274.png",56,207,90,287,2
"0511-08334993274.png",211,215,245,291,2
"0511-08334993274.png",359,221,394,296,2
"0511-08334993294.png",33,182,71,269,2
"0511-08334993294.png",204,190,242,275,2
"0511-08334993294.png",368,197,405,281,2
"0511-08335093354.png",181,72,235,195,2
"0511-08334993314.png",7,144,49,240,2
"0511-08334993314.png",196,154,238,248,2
"0511-08334993314.png",379,162,415,257,2
"0511-08335093335.png",189,118,238,226,2
"0511-08341394474.png",46,261,71,319,3
"0511-08341394474.png",157,264,184,322,3
"0511-08341394474.png",268,268,293,324,3
"0511-08341394494.png",49,253,75,313,3
"0511-08341394494.png",168,256,196,318,3
"0511-08341394494.png",287,259,314,322,3
"0511-08335193374.png",170,17,234,163,2
"0511-08341494534.png",38,229,69,300,1
"0511-08341494534.png",179,233,210,304,1
"0511-08341494534.png",316,236,349,308,1
"0511-08341494554.png",19,208,54,287,1
"0511-08341494554.png",174,214,208,293,1
"0511-08341494554.png",324,218,361,296,1
"0511-08341594594.png",161,155,203,249,1
"0511-08341594594.png",346,161,387,255,1
"0511-08341594574.png",0,174,38,260,1
"0511-08341594574.png",167,178,205,264,1
"0511-08341594574.png",335,184,372,270,1
"0511-08341594614.png",153,119,200,227,1
"0511-08341594614.png",361,128,407,233,1
"0511-08341694634.png",145,72,201,194,1
"0511-08341694634.png",386,83,416,204,1
"0511-08341694654.png",145,19,209,160,1
"0511-083718103734.png",115,258,142,316,3
"0511-083718103734.png",232,257,261,319,3
"0511-083718103734.png",352,259,380,320,3
"0511-083719103774.png",70,232,102,302,3
"0511-083719103774.png",208,235,240,304,3
"0511-083719103774.png",347,237,379,307,3
"0511-083717103715.png",138,267,163,324,3
"0511-083717103715.png",247,267,274,324,3
"0511-083717103715.png",360,268,385,325,3
"0511-083720103834.png",0,161,41,251,3
"0511-083720103834.png",181,159,224,255,3
"0511-083720103834.png",368,163,410,257,3
"0511-083720103854.png",176,127,221,231,3
"0511-083719103794.png",48,214,80,289,3
"0511-083719103794.png",198,215,233,292,3
"0511-083719103794.png",350,216,385,293,3
"0511-083719103814.png",191,183,228,266,3
"0511-083719103814.png",24,181,61,264,3
"0511-083719103814.png",357,184,395,268,3
"0511-083822106954.png",67,221,99,295,2
"0511-083822106954.png",212,222,244,296,2
"0511-083822106954.png",360,223,392,296,2
"0511-083721103894.png",162,19,223,160,3
"0511-083821106914.png",69,247,96,311,2
"0511-083821106914.png",192,248,220,312,2
"0511-083821106914.png",317,251,344,313,2
"0511-083822106934.png",70,237,98,305,2
"0511-083822106934.png",203,239,231,307,2
"0511-083822106934.png",337,242,366,308,2
"0511-083823106994.png",237,175,276,266,2
"0511-083823106994.png",62,174,101,263,2
"0511-083823106974.png",65,191,100,271,2
"0511-083823106974.png",224,193,259,274,2
"0511-083823106974.png",386,193,416,275,2
"0511-083824107035.png",19,97,68,211,2
"0511-083824107035.png",242,99,290,214,2
"0511-083824107054.png",225,48,281,178,2
"0511-083825107074.png",205,0,271,141,2
"0511-083958111734.png",108,259,133,317,3
"0511-083958111734.png",224,261,249,321,3
"0511-083959111774.png",119,223,149,293,3
"0511-083959111774.png",254,229,284,295,3
"0511-083959111794.png",123,218,157,293,3
"0511-083959111794.png",271,223,305,296,3
"0511-083959111814.png",128,196,165,278,3
"0511-083959111814.png",292,202,329,281,3
"0511-084001111874.png",123,83,173,200,1
"0511-084001111874.png",355,90,408,208,1
"0511-084109115314.png",55,259,80,317,3
"0511-084109115314.png",170,263,194,320,3
"0511-084109115314.png",282,266,307,323,3
"0511-084001111894.png",119,25,180,162,1
"0511-084001111894.png",394,37,415,171,1
"0511-084000111854.png",126,126,171,230,1
"0511-084000111854.png",330,133,375,236,1
"0511-084000111834.png",131,157,170,250,1
"0511-084000111834.png",313,164,353,257,1
"0511-084111115414.png",149,182,190,269,3
"0511-084111115414.png",321,188,362,274,3
"0511-084111115374.png",14,212,44,285,3
"0511-084111115374.png",157,217,190,290,3
"0511-084111115374.png",300,221,332,292,3
"0511-084110115355.png",31,236,59,303,3
"0511-084110115355.png",163,240,193,306,3
"0511-084110115355.png",293,243,324,309,3
"0511-084110115334.png",46,250,74,313,3
"0511-084110115334.png",168,254,197,314,3
"0511-084110115334.png",290,258,318,319,3
"0511-084113115494.png",141,3,210,148,3
"0511-084113115474.png",144,57,201,187,3
"0511-084112115434.png",148,144,194,241,3
"0511-084112115434.png",340,151,384,246,3
"0511-084112115454.png",148,106,197,218,3
"0511-084112115454.png",364,116,413,223,3
"0511-084251120343.png",197,124,245,230,3
"0511-084251120343.png",0,122,37,225,3
"0511-084252120383.png",198,106,250,219,3
"0511-084252120364.png",196,115,248,225,3
"0511-084253120423.png",199,88,254,207,3
"0511-084253120403.png",198,98,251,213,3
"0511-084253120443.png",199,81,254,200,3
"0511-084255120523.png",200,42,262,176,3
"0511-084254120463.png",200,71,257,195,3
"0511-084255120504.png",202,51,261,182,3
"0511-084254120483.png",200,62,260,188,3
"0511-084255120544.png",200,32,264,169,3
"0511-084256120583.png",204,14,268,159,3
"0511-084319121743.png",316,260,344,319,2
"0511-084257120603.png",208,0,273,139,3
"0511-084319121723.png",313,263,338,322,2
"0511-084321121823.png",231,194,267,275,2
"0511-084322121863.png",216,146,259,245,2
"0511-084321121843.png",213,175,252,265,2
"0511-084320121783.png",251,243,281,309,2
"0511-084320121783.png",384,246,415,312,2
"0511-084321121803.png",256,226,290,299,2
"0511-084409124225.png",33,252,60,314,3
"0511-084409124225.png",154,256,183,318,3
"0511-084323121923.png",230,17,293,159,2
"0511-084323121903.png",222,64,282,190,2
"0511-084409124205.png",146,264,172,321,3
"0511-084409124205.png",32,259,58,317,3
"0511-084322121883.png",219,108,270,219,2
"0511-084411124305.png",85,196,122,280,3
"0511-084411124305.png",247,201,287,285,3
"0511-084410124285.png",93,215,126,293,3
"0511-084410124285.png",243,220,276,296,3
"0511-084409124245.png",101,241,131,307,3
"0511-084409124245.png",231,246,261,311,3
"0511-084410124265.png",99,223,129,295,3
"0511-084410124265.png",239,228,270,298,3
"0511-084413124405.png",1,32,58,165,3
"0511-084413124405.png",268,44,327,175,3
"0511-084447126105.png",61,260,86,319,3
"0511-084447126105.png",174,265,200,323,3
"0511-084447126105.png",283,268,308,326,3
"0511-084411124345.png",67,141,112,240,3
"0511-084411124345.png",260,150,304,247,3
"0511-084412124385.png",24,82,74,200,3
"0511-084412124385.png",259,92,310,209,3
"0511-084412124365.png",45,114,92,221,3
"0511-084412124365.png",256,123,305,229,3
"0511-084447126145.png",46,245,76,309,3
"0511-084447126145.png",173,248,202,313,3
"0511-084447126145.png",294,254,323,316,3
"0511-084448126166.png",36,233,67,301,3
"0511-084448126166.png",172,236,203,305,3
"0511-084448126166.png",303,242,334,309,3
"0511-084448126185.png",20,214,54,290,3
"0511-084448126185.png",170,220,205,296,3
"0511-084448126185.png",317,225,348,301,3
"0511-084604129952.png",285,236,316,305,3
"0511-084603129931.png",241,254,269,316,3
"0511-084603129931.png",363,255,391,316,3
"0511-084449126225.png",122,139,166,239,3
"0511-084449126225.png",314,148,358,246,3
"0511-084449126245.png",185,84,235,201,3
"0511-084603129912.png",250,270,274,326,3
"0511-084603129912.png",359,271,384,325,3
"0511-084625131039.png",155,249,182,312,2
"0511-084625131039.png",279,250,307,313,2
"0511-084627131099.png",330,159,370,255,2
"0511-084627131099.png",142,158,182,252,2
"0511-084626131079.png",147,190,183,271,2
"0511-084626131079.png",311,190,343,273,2
"0511-084626131059.png",151,232,182,301,2
"0511-084626131059.png",291,232,321,302,2
"0511-084604129972.png",360,188,398,271,3
"0511-084627131119.png",134,98,182,211,2
"0511-084627131119.png",362,100,407,213,2
"0511-084655132499.png",81,208,115,285,1
"0511-084627131140.png",123,20,184,161,2
"0511-084655132539.png",87,73,141,193,1
"0511-084655132539.png",329,79,383,198,1
"0511-084723133933.png",132,215,165,287,3
"0511-084723133933.png",276,218,308,291,3
"0511-084722133893.png",162,244,191,309,3
"0511-084722133893.png",33,239,62,304,3
"0511-084722133893.png",289,248,319,312,3
"0511-084656132559.png",72,0,134,145,1
"0511-084656132559.png",370,7,416,153,1
"0511-084723133913.png",9,228,40,296,3
"0511-084723133913.png",147,232,179,299,3
"0511-084723133913.png",281,236,313,305,3
"0511-084754135453.png",131,227,163,298,2
"0511-084754135453.png",273,228,305,301,2
"0511-084753135433.png",179,270,205,325,2
"0511-084753135433.png",287,272,313,327,2
"0511-084753135433.png",399,273,416,328,2
"0511-084726134053.png",72,42,129,175,3
"0511-084726134053.png",337,39,398,174,3
"0511-084754135473.png",98,144,141,243,2
"0511-084754135473.png",292,147,337,246,2
"0511-084754135493.png",53,11,116,154,2
"0511-084754135493.png",344,10,405,155,2
"0511-084907139134.png",132,195,170,278,2
"0511-084907139134.png",297,198,334,282,2
"0511-084806136093.png",74,234,104,303,3
"0511-084807136113.png",16,125,60,230,3
"0511-085058144673.png",37,240,66,305,2
"0511-085058144673.png",168,243,195,308,2
"0511-085058144673.png",296,246,325,312,2
"0511-085059144713.png",9,208,45,285,2
"0511-085059144713.png",164,213,198,290,2
"0511-085059144713.png",314,218,349,294,2
"0511-085058144653.png",39,253,67,313,2
"0511-085058144653.png",161,255,187,316,2
"0511-085058144653.png",281,258,308,319,2
"0511-085058144693.png",167,224,200,294,2
"0511-085058144693.png",308,229,338,300,2
"0511-085058144693.png",27,222,59,292,2
"0511-084940140753.png",14,222,45,293,2
"0511-085100144753.png",150,156,193,250,2
"0511-085100144753.png",335,165,376,254,2
"0511-085100144794.png",133,80,188,200,2
"0511-085100144794.png",370,90,416,205,2
"0511-085101144813.png",134,24,196,160,2
"0511-085059144733.png",157,190,194,274,2
"0511-085059144733.png",324,197,363,280,2
"0511-093033261759.png",206,135,252,237,2
"0511-093033261759.png",4,134,49,234,2
"0511-093031261660.png",17,169,56,257,2
"0511-093031261660.png",193,171,232,263,2
"0511-093031261660.png",372,175,414,266,2
"0511-093032261720.png",11,150,53,247,2
"0511-093032261720.png",200,153,243,251,2
"0511-093033261779.png",0,120,46,226,2
"0511-093033261779.png",208,119,254,227,2
"0511-093030261619.png",18,176,56,262,2
"0511-093030261619.png",190,179,229,265,2
"0511-093030261619.png",365,180,405,270,2
"0511-093034261839.png",207,68,262,192,2
"0511-093035261879.png",200,18,263,162,2
"0511-093117263959.png",26,221,58,295,2
"0511-093117263959.png",171,226,203,299,2
"0511-093117263959.png",314,230,346,301,2
"0511-093116263919.png",53,247,80,311,2
"0511-093116263919.png",176,250,204,313,2
"0511-093116263919.png",297,255,325,315,2
"0511-103940265599.png",5,134,48,236,3
"0511-103940265599.png",208,136,252,237,3
"0511-103940265619.png",0,122,47,224,3
"0511-103940265619.png",209,122,256,229,3
"0511-103939265559.png",11,152,54,247,3
"0511-103939265559.png",201,154,243,252,3
"0511-093119264079.png",133,0,200,150,2
"0511-103942265699.png",205,44,263,177,3
"0511-103943265739.png",196,0,265,139,3
"0511-103941265679.png",207,69,263,192,3
"0511-103941265639.png",209,106,261,218,3
"0511-103942265719.png",200,21,265,163,3
"0511-104025267859.png",140,151,185,250,3
"0511-104025267859.png",332,157,376,252,3
"0511-104024267799.png",25,223,57,296,3
"0511-104024267799.png",170,227,200,298,3
"0511-104024267799.png",310,231,343,302,3
"0511-104024267819.png",156,200,192,277,3
"0511-104024267819.png",312,204,347,281,3
"0511-104024267819.png",0,196,36,273,3
"0511-104023267760.png",55,248,83,312,3
"0511-104023267760.png",178,252,206,315,3
"0511-104023267760.png",298,256,327,316,3
"0511-104026267899.png",135,62,191,187,3
"0511-104128269860.png",1,131,48,234,2
"0511-104128269860.png",206,131,254,236,2
"0511-104125269700.png",18,177,55,262,2
"0511-104125269700.png",189,179,229,266,2
"0511-104125269700.png",362,181,403,271,2
"0511-104026267919.png",130,7,196,153,3
"0511-104129269900.png",209,100,261,213,2
"0511-104128269880.png",206,117,255,224,2
"0511-104128269880.png",0,116,44,220,2
"0511-104129269940.png",204,62,266,188,2
"0511-104130269980.png",197,12,263,158,2
"0511-104211272000.png",52,257,77,316,2
"0511-104211272000.png",170,260,195,319,2
"0511-104211272000.png",284,264,310,320,2
"0511-104129269920.png",207,82,262,201,2
"0511-104214272160.png",136,43,194,173,2
"0511-104328275880.png",42,193,79,277,2
"0511-104328275880.png",205,200,244,283,2
"0511-104328275880.png",364,208,402,288,2
"0511-104329275940.png",182,91,237,209,2
"0511-104327275840.png",81,224,114,295,2
"0511-104327275840.png",218,227,251,297,2
"0511-104327275840.png",349,233,383,303,2
"0511-104329275920.png",192,133,238,234,2
"0511-104329275920.png",390,142,416,243,2
"0511-104329275920.png",0,125,33,227,2
"0511-104353277100.png",55,244,83,308,2
"0511-104353277100.png",181,249,210,311,2
"0511-104353277100.png",305,252,334,315,2
"0511-104352277060.png",49,264,73,322,1
"0511-104352277060.png",159,268,185,324,1
"0511-104352277060.png",266,272,292,326,1
"0511-104352277080.png",53,257,80,317,1
"0511-104352277080.png",170,260,197,322,1
"0511-104352277080.png",284,263,313,324,1
"0511-104330275960.png",174,34,235,169,2
"0511-104354277160.png",5,191,42,275,2
"0511-104354277160.png",168,196,206,280,2
"0511-104354277160.png",328,204,364,285,2
"0511-104354277180.png",164,165,207,257,2
"0511-104354277180.png",343,171,382,261,2
"0511-104353277140.png",23,217,57,291,2
"0511-104353277140.png",174,220,206,297,2
"0511-104353277140.png",319,226,353,302,2
"0511-104355277220.png",159,90,211,207,2
"0511-104355277220.png",388,100,416,213,2
"0511-104657286340.png",111,248,140,310,3
"0511-104657286340.png",237,250,264,312,3
"0511-104657286340.png",361,251,390,313,3
"0511-104658286380.png",65,220,97,294,3
"0511-104658286380.png",210,223,243,297,3
"0511-104658286380.png",359,225,392,298,3
"0511-104659286400.png",40,193,74,274,3
"0511-104659286400.png",199,193,235,277,3
"0511-104659286400.png",360,196,398,277,3
"0511-104355277240.png",156,35,217,169,2
"0511-104700286480.png",165,42,223,177,3
"0511-104701286500.png",159,1,225,135,3
"0511-104801289500.png",73,253,98,313,2
"0511-104801289500.png",192,254,219,315,2
"0511-104801289500.png",315,255,342,317,2
"0511-104659286420.png",13,171,52,258,3
"0511-104659286420.png",189,172,231,262,3
"0511-104659286420.png",370,172,410,265,3
"0511-104802289561.png",68,200,104,279,2
"0511-104802289561.png",222,203,257,281,2
"0511-104802289561.png",378,204,415,281,2
"0511-104803289600.png",60,155,102,250,2
"0511-104803289600.png",249,155,291,252,2
"0511-104803289620.png",27,113,76,222,3
"0511-104803289620.png",241,114,290,224,3
"0511-104802289580.png",68,183,104,269,2
"0511-104802289580.png",236,184,273,272,2
"0511-104803289640.png",226,66,280,191,3
"0511-104803289640.png",0,68,36,189,3
"0511-104939294400.png",124,202,160,282,1
"0511-104939294400.png",283,208,319,287,1
"0511-104937294340.png",109,249,136,312,1
"0511-104937294340.png",233,252,260,315,1
"0511-104938294380.png",120,224,153,298,1
"0511-104938294380.png",264,228,298,300,1
"0511-104938294360.png",114,234,144,303,1
"0511-104938294360.png",247,239,278,305,1
"0511-104804289660.png",208,11,271,159,3
"0511-104940294480.png",119,49,174,176,2
"0511-104940294480.png",379,58,416,186,2
"0511-104940294460.png",123,99,172,212,2
"0511-104940294460.png",346,109,395,217,2
"0511-104939294420.png",130,171,168,260,2
"0511-104939294420.png",305,177,345,265,2
"0511-104941294500.png",117,0,183,137,2
"0511-105050297980.png",11,211,46,287,3
"0511-105050297980.png",167,215,201,290,3
"0511-105050297980.png",316,219,351,294,3
"0511-105049297940.png",36,242,65,306,3
"0511-105049297940.png",165,244,195,308,3
"0511-105049297940.png",292,249,322,312,3
"0511-105050297960.png",30,226,61,297,3
"0511-105050297960.png",170,231,202,299,3
"0511-105050297960.png",308,234,339,303,3
"0511-105051298000.png",161,191,198,275,3
"0511-105051298020.png",152,158,195,250,3
"0511-105051298020.png",337,163,380,256,3
"0512-11203511429.png",214,104,265,219,2
"0512-11203511429.png",0,104,44,210,2
"0512-11203311368.png",17,139,62,238,3
"0512-11203311368.png",216,139,262,239,3
"0511-105052298080.png",133,18,195,158,1
"0511-105052298060.png",137,76,188,195,1
"0511-105052298060.png",373,86,416,204,1
"0511-105051298040.png",145,122,191,227,3
"0511-105051298040.png",351,129,399,233,3
"0512-11204311866.png",195,4,260,150,3
"0512-11204311848.png",196,21,259,162,3
"0512-11203911646.png",197,50,253,181,2
"0512-11203911666.png",197,49,255,179,3
"0512-11204411886.png",194,0,262,137,3
"0512-11212814106.png",146,161,188,253,3
"0512-11212814106.png",330,166,373,259,3
"0512-11212714046.png",31,227,63,299,3
"0512-11212714046.png",172,232,203,302,3
"0512-11212714046.png",310,236,343,306,3
"0512-11212614006.png",56,252,82,314,3
"0512-11212614006.png",175,255,201,317,3
"0512-11212614006.png",294,258,321,320,3
"0512-11212914146.png",136,78,192,199,3
"0512-11212914146.png",373,87,416,206,3
"0512-11265728708.png",54,205,90,285,3
"0512-11265728708.png",209,211,243,290,3
"0512-11265728708.png",360,217,395,294,3
"0512-11233418999.png",190,21,255,163,3
"0512-11212914166.png",133,19,196,160,3
"0512-11265728728.png",203,185,242,273,3
"0512-11265728728.png",369,192,410,278,3
"0512-11265728728.png",30,177,71,265,3
"0512-11265828769.png",187,113,236,226,3
"0512-11265828788.png",179,68,235,190,3
"0512-11265928808.png",167,12,234,155,3
"0512-11272730208.png",166,130,214,233,3
"0512-11272730208.png",368,138,413,241,3
"0512-11272229948.png",27,237,55,303,2
"0512-11272229948.png",159,242,187,306,2
"0512-11272229948.png",286,244,315,310,2
"0512-11272129928.png",158,255,185,317,2
"0512-11272129928.png",38,252,66,313,2
"0512-11272129928.png",279,259,305,320,2
"0512-11303839788.png",81,243,110,306,2
"0512-11303839788.png",208,245,237,310,2
"0512-11303839788.png",335,245,366,312,2
"0512-11272930309.png",171,72,226,193,3
"0512-11273030348.png",171,35,231,170,3
"0512-11273030370.png",171,18,233,163,3
"0512-11303939808.png",73,240,101,306,3
"0512-11303939808.png",203,241,232,308,3
"0512-11303939808.png",333,243,361,308,3
"0512-11304440068.png",167,132,211,236,3
"0512-11304440068.png",372,136,416,238,3
"0512-11304239970.png",25,195,62,276,3
"0512-11304239970.png",183,196,219,278,3
"0512-11304239970.png",343,199,380,281,3
"0512-11304239948.png",33,209,67,287,3
"0512-11304239948.png",186,212,220,290,3
"0512-11304239948.png",340,214,375,291,3
"0512-11304640148.png",142,19,203,160,3
"0512-11315443568.png",242,203,276,281,2
"0512-11315443568.png",90,202,124,280,2
"0512-11315443588.png",85,192,120,272,2
"0512-11315443588.png",244,195,279,273,2
"0512-11315043368.png",77,257,100,317,2
"0512-11315043368.png",191,259,217,317,2
"0512-11315043368.png",309,262,333,319,2
"0512-11315143428.png",201,250,228,312,2
"0512-11315143428.png",77,248,106,310,2
"0512-11315143428.png",325,250,353,313,2
"0512-11315543628.png",229,182,267,269,2
"0512-11315543628.png",58,179,96,266,2
"0512-11315843748.png",16,118,64,227,3
"0512-11315843748.png",227,119,273,228,3
"0512-11315643668.png",36,165,79,257,3
"0512-11315643668.png",219,163,260,257,3
"0512-11315843788.png",4,93,55,208,3
"0512-11315843788.png",232,94,281,209,3
"0512-11320043868.png",220,16,285,161,3
"0512-11334048868.png",129,245,154,308,2
"0512-11334048868.png",254,248,282,311,2
"0512-11334048868.png",0,242,27,305,2
"0512-11334248988.png",115,221,145,293,2
"0512-11334248988.png",260,224,292,299,2
"0512-11334549128.png",119,151,162,242,2
"0512-11334549128.png",309,156,351,250,2
"0512-11334749228.png",116,100,166,212,2
"0512-11334749228.png",339,107,388,218,2
"0512-11334849288.png",102,72,156,192,2
"0512-11334849288.png",344,81,397,200,2
"0512-11335049348.png",105,49,158,178,2
"0512-11335049348.png",359,61,416,184,2
"0512-11335249468.png",103,46,161,175,3
"0512-11335249468.png",361,58,415,187,3
"0512-11335549628.png",98,2,162,146,3
"0512-11351253468.png",17,222,50,292,3
"0512-11351253468.png",159,226,190,296,3
"0512-11351253468.png",297,232,329,299,3
"0512-11351253448.png",163,245,193,310,3
"0512-11351253448.png",35,239,63,305,3
"0512-11351253448.png",292,248,322,311,3
"0512-11351453588.png",142,15,206,158,3
"0512-11351453548.png",147,119,194,225,3
"0512-11351453548.png",356,127,405,232,3
"0512-11351253488.png",0,209,33,284,3
"0512-11351253488.png",154,212,187,289,3
"0512-11351253488.png",304,217,340,293,3
"0512-11351353528.png",147,152,191,248,3
"0512-11351353528.png",335,160,376,251,3
"0512-11365957465.png",16,175,54,263,2
"0512-11365957465.png",190,178,228,265,2
"0512-11365957465.png",363,180,403,267,2
"0512-11370557765.png",203,69,257,191,2
"0512-11370757885.png",195,50,253,181,2
"0512-11372058545.png",195,6,260,155,3
"0512-11370157585.png",202,144,248,244,2
"0512-11370157585.png",6,141,49,239,2
"0512-11380460745.png",160,214,193,291,3
"0512-11380460745.png",8,208,41,287,3
"0512-11380460745.png",310,219,345,294,3
"0512-11392064505.png",91,240,122,306,3
"0512-11392064505.png",221,246,251,310,3
"0512-11392064505.png",349,250,378,315,3
"0512-11380660846.png",134,25,195,162,3
"0512-11392064545.png",57,209,91,288,3
"0512-11392064545.png",209,214,245,292,3
"0512-11392064545.png",359,222,395,298,3
"0512-11392164565.png",34,184,72,270,3
"0512-11392164565.png",205,191,241,277,3
"0512-11392164565.png",368,198,405,281,3
"0512-11380660806.png",140,123,187,227,3
"0512-11380660806.png",346,129,395,236,3
"0512-11394565785.png",48,240,78,305,2
"0512-11394565785.png",179,244,208,308,2
"0512-11394565785.png",307,248,335,312,2
"0512-11394565767.png",45,253,72,315,2
"0512-11394565767.png",166,256,194,317,2
"0512-11394565767.png",284,260,312,322,2
"0512-11392264625.png",181,76,237,195,3
"0512-11392264645.png",170,20,235,161,3
"0512-11392164585.png",7,145,51,240,3
"0512-11392164585.png",195,155,240,249,3
"0512-11392164585.png",379,162,415,255,3
"0512-11395466205.png",151,27,211,166,3
"0512-11395166066.png",152,119,199,225,3
"0512-11395166066.png",361,127,407,231,3
"0512-11395066025.png",151,142,194,241,2
"0512-11395066025.png",344,150,389,247,2
"0512-11395066045.png",152,130,197,233,3
"0512-11395066045.png",351,139,397,240,3
"0512-11394665845.png",5,195,40,278,2
"0512-11394665845.png",166,204,201,282,2
"0512-11394665845.png",324,208,361,287,2
"0512-11395466225.png",149,13,214,156,3
"0512-11441979466.png",76,193,110,277,2
"0512-11441979466.png",238,194,275,279,2
"0512-11442079545.png",29,123,73,228,3
"0512-11442079545.png",237,124,282,232,3
"0512-11442079525.png",235,149,279,249,3
"0512-11442079525.png",42,149,86,246,3
"0512-11442179565.png",14,100,62,212,3
"0512-11442179565.png",235,101,283,214,3
"0512-11460384687.png",99,206,133,284,2
"0512-11460384687.png",256,212,290,288,2
"0512-11461585265.png",97,50,154,176,2
"0512-11461585265.png",356,58,414,185,2
"0512-11442279625.png",213,3,278,151,3
"0512-11460184588.png",0,223,23,290,2
"0512-11460184588.png",130,227,159,296,2
"0512-11460184588.png",264,232,294,298,2
"0512-11442279605.png",223,37,282,174,3
"0512-11473889405.png",150,116,196,225,3
"0512-11473889405.png",359,126,408,230,3
"0512-11461585285.png",98,49,154,173,3
"0512-11461585285.png",356,58,413,183,3
"0512-11473689345.png",7,208,41,286,3
"0512-11473689345.png",159,211,195,289,3
"0512-11473689345.png",313,216,348,293,3
"0512-11473689305.png",302,248,330,313,3
"0512-11473689305.png",173,244,201,308,3
"0512-11473689305.png",42,238,72,305,3
"0512-11473789385.png",153,151,194,246,3
"0512-11473789385.png",338,159,381,253,3
"0512-11473889445.png",145,18,209,158,3
"just_0146.png",152,140,165,184,2
"just_0147.png",149,139,162,184,2
"just_0150.png",144,142,157,189,2
"just_0155.png",135,143,150,194,2
"just_0159.png",128,141,143,194,2
"just_0164.png",115,138,133,195,2
"just_0166.png",110,136,127,195,2
"just_0170.png",94,136,112,201,2
"just_0171.png",91,136,109,201,2
"just_0172.png",85,135,105,202,2
"just_0173.png",83,134,103,201,2
"just_0175.png",70,132,92,202,2
"just_0177.png",60,129,82,201,2
"just_0181.png",37,125,63,203,2
"just_0183.png",26,122,51,205,2
"just_0184.png",17,120,44,206,2
"just_0185.png",8,118,38,208,2
"just_0186.png",4,118,32,207,2
"just_0255.png",0,117,25,206,2
"just_0260.png",20,120,47,206,2
"just_0263.png",31,123,57,204,2
"just_0265.png",41,124,68,204,3
"just_0266.png",45,125,70,202,3
"just_0269.png",57,127,81,203,3
"just_0272.png",70,130,91,202,3
"just_0274.png",78,132,99,202,3
"just_0277.png",88,134,108,203,3
"just_0281.png",100,137,120,200,3
"just_0284.png",112,138,128,201,3
"just_0287.png",120,138,137,199,3
"just_0290.png",129,139,146,195,3
"just_0293.png",135,140,152,195,3
"just_0296.png",143,141,158,195,3
"just_0300.png",152,142,166,194,3
"just_0304.png",157,143,171,194,3
"just_0311.png",167,145,180,193,3
"just_0315.png",169,143,183,189,3
"just_0349.png",181,148,193,186,3
"just_0553.png",167,141,181,188,2
"just_0556.png",164,143,177,191,2
"just_0560.png",157,142,171,194,2
"just_0565.png",145,139,160,193,2
"just_0568.png",136,139,153,194,2
"just_0572.png",121,137,138,195,2
"just_0575.png",110,135,129,196,3
"just_0577.png",103,135,122,198,3
"just_0579.png",99,135,117,199,3
"just_0581.png",95,134,114,198,3
"just_0587.png",82,133,101,200,3
"just_0590.png",79,133,99,200,3
"just_0700.png",77,132,97,203,1
"loop_0346.png",216,148,227,186,2
"loop_0349.png",213,147,225,186,2
"loop_0357.png",204,141,218,186,2
"loop_0361.png",200,140,215,186,2
"loop_0364.png",194,142,209,192,2
"loop_0368.png",186,139,203,191,2
"loop_0372.png",174,139,192,195,2
"loop_0375.png",168,136,185,194,2
"loop_0378.png",154,135,174,198,2
"loop_0380.png",145,135,165,198,2
"loop_0381.png",138,133,159,200,3
"loop_0382.png",130,133,151,199,3
"loop_0383.png",126,132,146,199,3
"loop_0384.png",117,131,138,201,3
"loop_0390.png",55,124,81,209,3
"loop_0391.png",36,122,63,209,3
"loop_0392.png",14,120,45,214,3
"loop_0698.png",208,150,219,184,3
"loop_0700.png",205,149,215,184,3
"loop_0702.png",200,150,213,185,3
"loop_0704.png",195,149,207,186,3
"loop_0709.png",182,146,196,186,3
"loop_0717.png",156,140,171,190,3
"loop_0719.png",148,141,163,192,3
"loop_0721.png",138,140,154,193,3
"loop_0724.png",119,136,136,193,3
"loop_0728.png",91,134,112,197,3
"loop_0730.png",74,134,96,200,3
"loop_0731.png",62,133,84,202,3
"loop_0732.png",49,130,71,203,3
"loop_0734.png",25,127,51,205,3
"loop_0735.png",16,127,43,204,3
"loop_1057.png",187,144,199,185,3
"loop_1061.png",169,141,184,186,3
"loop_1066.png",145,141,161,191,3
"loop_1071.png",116,138,131,193,3
"loop_1074.png",91,136,112,198,3
"loop_1077.png",62,133,84,200,3
"loop_1080.png",33,128,60,205,3
"loop_1082.png",0,123,30,203,3
"0514-1359494703.png",213,181,280,332,1
"0514-135832863.png",262,170,330,325,1
"0514-1400266543.png",30,369,67,453,1
"0514-1400266543.png",200,375,238,459,1
"0514-1400266543.png",367,378,404,463,1
"0514-1400276623.png",291,356,328,447,1
"0514-1400276623.png",473,360,513,452,1
"0514-1400276623.png",656,362,698,455,1
"0514-14045820183.png",487,381,527,468,1
"0514-14045820183.png",656,382,693,467,1
"0514-14092833663.png",143,1,229,210,1
"0514-14092833663.png",532,0,636,187,1
"0514-14104437444.png",10,198,66,344,1
"0514-14131945203.png",285,323,333,428,1
"0514-14131945203.png",480,332,528,437,1
"0514-14131945203.png",666,345,708,445,1
"0514-14132045284.png",177,304,228,414,1
"0514-14132045284.png",383,318,432,426,1
"0514-14132045284.png",577,331,623,434,1
"0514-14135747124.png",20,258,39,316,1
"0514-14135747124.png",106,262,125,318,1
"0514-14135747124.png",192,264,211,321,1
"0514-14143549023.png",198,228,220,296,1
"0514-14143549023.png",299,227,322,296,1
"0514-14151551003.png",92,152,123,243,1
"0514-14151551003.png",221,165,252,256,1
"0514-14151551003.png",341,179,368,265,1
"0514-14171156823.png",111,160,142,252,1
"0514-14171156823.png",246,167,278,257,1
"0514-14171256843.png",107,147,140,243,1
"0514-14171256843.png",249,155,281,249,1
"0514-14171256863.png",108,130,143,233,1
"0514-14171256863.png",259,140,294,241,1
"0514-14182660543.png",271,263,292,322,1
"0514-14182660543.png",185,263,205,321,1
"0514-14182660543.png",359,264,379,323,1
"r_train_0000.png",130,101,142,139,2
"r_train_0006.png",129,99,142,138,2
"r_train_0007.png",129,95,142,137,2
"r_train_0008.png",129,97,142,141,2
"r_train_0016.png",129,100,142,139,2
"r_train_0017.png",129,99,142,139,2
"r_train_0018.png",129,100,142,140,2
"r_train_0024.png",130,101,142,139,2
"r_train_0025.png",130,100,142,140,2
"r_train_0028.png",129,99,142,145,2
"r_train_0030.png",130,104,142,140,2
"r_train_0031.png",129,98,142,139,2
"r_train_0034.png",130,100,142,140,2
"g_train_0037.png",129,99,142,139,3
"g_train_0039.png",130,101,142,138,3
"g_train_0047.png",129,101,142,141,3
"g_train_0049.png",130,102,142,142,3
"g_train_0051.png",131,104,142,141,3
"g_train_0052.png",131,101,142,142,3
"g_train_0053.png",131,102,142,143,3
"g_train_0055.png",130,103,142,143,3
"g_train_0057.png",131,103,142,143,3
"g_train_0058.png",131,103,142,144,3
"g_train_0059.png",130,104,142,143,3
"g_train_0060.png",131,103,142,145,3
"g_train_0063.png",130,105,142,145,3
"g_train_0064.png",130,107,142,147,3
"g_train_0065.png",129,106,142,147,3
"g_train_0066.png",130,106,142,147,3
"g_train_0068.png",129,107,142,147,3
"g_train_0069.png",129,106,141,146,3
"g_train_0070.png",129,105,140,147,3
"g_train_0071.png",128,105,140,146,3
"g_train_0073.png",127,103,139,147,3
"g_train_0074.png",128,104,139,147,3
"g_train_0075.png",126,104,139,146,3
"g_train_0076.png",127,105,138,147,3
"g_train_0077.png",126,105,139,147,3
"g_train_0078.png",124,105,137,149,3
"g_train_0079.png",126,105,139,148,3
"g_train_0080.png",126,105,139,148,3
"g_train_0082.png",124,106,138,146,3
"g_train_0083.png",125,104,138,147,3
"g_train_0084.png",125,104,138,147,3
"g_train_0086.png",124,104,138,147,3
"g_train_0088.png",125,103,138,149,3
"g_train_0089.png",124,105,138,150,3
"g_train_0090.png",123,104,136,150,3
"g_train_0091.png",123,104,138,148,3
"g_train_0093.png",124,99,137,147,3
"g_train_0094.png",122,98,136,145,3
"g_train_0096.png",121,96,136,144,3
"g_train_0097.png",123,95,137,145,3
"g_train_0100.png",123,95,136,145,3
"g_train_0101.png",121,95,136,145,3
"g_train_0102.png",121,94,136,144,3
"g_train_0103.png",121,94,136,149,3
"g_train_0105.png",120,93,135,146,3
"g_train_0106.png",120,95,136,147,3
"g_train_0109.png",119,93,135,150,3
"g_train_0110.png",118,93,134,150,3
"g_train_0111.png",118,93,133,149,3
"g_train_0112.png",117,93,133,150,3
"g_train_0115.png",298,94,314,150,3
"g_train_0116.png",295,91,313,152,3
"g_train_0118.png",292,90,310,153,3
"g_train_0120.png",292,88,308,153,3
"g_train_0122.png",285,86,304,153,3
"g_train_0123.png",284,85,302,154,3
"g_train_0125.png",280,84,300,154,3
"g_train_0126.png",279,83,299,156,3
"g_train_0127.png",274,83,295,157,3
"g_train_0128.png",274,83,296,155,3
"g_train_0129.png",272,81,293,158,3
"g_train_0130.png",270,81,292,157,3
"g_train_0132.png",262,76,284,156,3
"g_train_0133.png",260,75,281,158,3
"g_train_0134.png",254,75,277,159,3
"g_train_0135.png",251,75,274,160,3
"g_train_0136.png",244,75,268,163,3
"g_train_0137.png",237,75,261,164,3
"g_train_0138.png",234,78,259,165,3
"g_train_0139.png",225,72,252,164,3
"g_train_0143.png",195,64,223,166,3
"g_train_0144.png",180,57,209,164,3
"g_train_0146.png",160,46,189,154,3
"g_train_0147.png",142,40,174,155,3
"g_train_0148.png",132,39,165,156,3
"r_train_0241.png",57,55,90,172,2
"r_train_0242.png",74,59,106,167,2
"r_train_0244.png",99,47,132,159,2
"r_train_0245.png",109,46,139,157,2
"r_train_0247.png",142,53,172,160,2
"r_train_0248.png",150,56,179,161,2
"r_train_0249.png",164,61,193,162,2
"r_train_0250.png",170,63,199,164,2
"r_train_0251.png",183,65,211,164,2
"r_train_0252.png",196,67,221,164,2
"r_train_0254.png",212,70,237,164,2
"r_train_0255.png",216,71,243,164,2
"r_train_0256.png",226,74,250,165,2
"r_train_0257.png",234,75,257,165,2
"r_train_0259.png",244,76,268,165,2
"r_train_0260.png",247,77,271,164,2
"r_train_0261.png",254,77,277,163,2
"r_train_0263.png",261,79,285,162,2
"r_train_0264.png",267,85,289,161,2
"r_train_0265.png",268,79,290,161,2
"r_train_0266.png",272,81,293,162,2
"r_train_0267.png",275,83,296,163,2
"r_train_0268.png",276,82,297,161,2
"r_train_0269.png",277,82,299,160,2
"r_train_0270.png",279,83,301,160,2
"r_train_0271.png",280,83,301,160,2
"r_train_0274.png",285,82,306,155,2
"r_train_0275.png",285,82,306,155,2
"r_train_0276.png",286,81,307,153,2
"r_train_0277.png",288,82,308,154,2
"r_train_0278.png",289,83,308,156,2
"r_train_0279.png",291,83,310,155,2
"r_train_0281.png",292,86,313,155,2
"r_train_0282.png",295,87,314,154,2
"r_train_0283.png",296,86,314,155,2
"r_train_0284.png",297,85,316,153,2
"r_train_0285.png",297,85,316,153,2
"r_train_0286.png",298,87,317,153,2
"r_train_0288.png",117,87,136,153,2
"r_train_0289.png",119,87,136,155,2
"r_train_0291.png",118,89,136,153,2
"r_train_0292.png",119,89,138,154,2
"r_train_0293.png",119,90,136,148,2
"r_train_0295.png",121,89,138,151,2
"r_train_0296.png",121,92,139,151,2
"r_train_0298.png",121,89,139,152,2
"r_train_0299.png",121,90,139,152,2
"r_train_0300.png",122,89,139,152,2
"r_train_0302.png",123,90,140,150,2
"r_train_0303.png",123,90,141,148,2
"r_train_0304.png",123,90,139,150,2
"r_train_0305.png",125,89,140,150,2
"r_train_0306.png",125,89,140,150,2
"r_train_0307.png",124,90,142,149,2
"r_train_0308.png",124,90,142,149,2
"r_train_0309.png",124,91,142,150,2
"r_train_0310.png",126,91,142,150,2
"r_train_0311.png",126,91,142,149,2
"r_train_0313.png",126,91,142,149,2
"r_train_0314.png",126,92,143,148,2
"r_train_0316.png",128,91,143,149,2
"r_train_0318.png",127,93,144,149,2
"r_train_0319.png",127,93,143,150,2
"r_train_0320.png",127,94,143,151,2
"r_train_0321.png",128,95,144,150,2
"r_train_0322.png",128,96,144,151,2
"r_train_0323.png",129,97,145,152,2
"r_train_0324.png",128,96,145,153,2
"r_train_0325.png",129,96,145,153,2
"r_train_0326.png",129,97,145,151,2
"r_train_0328.png",129,96,145,151,2
"r_train_0329.png",129,95,145,152,2
"r_train_0330.png",129,96,145,151,2
"r_train_0331.png",129,96,145,152,2
"r_train_0332.png",129,95,145,151,2
"r_train_0333.png",129,95,145,150,2
"r_train_0334.png",129,94,145,150,2
"r_train_0336.png",129,95,145,150,2
"r_train_0338.png",129,93,145,150,2
"r_train_0343.png",127,94,145,149,2
"r_train_0344.png",127,94,144,151,2
"r_train_0345.png",128,94,143,150,2
"g_train_0348.png",128,91,144,147,3
"g_train_0349.png",127,89,144,145,3
"g_train_0350.png",128,88,144,144,3
"g_train_0351.png",128,88,144,145,3
"g_train_0352.png",127,88,144,145,3
"g_train_0353.png",127,89,144,145,3
"g_train_0354.png",128,90,144,147,3
"g_train_0355.png",127,90,144,147,3
"g_train_0356.png",127,90,144,147,3
"g_train_0357.png",128,90,144,147,3
"g_train_0358.png",127,90,144,147,3
"g_train_0359.png",127,89,144,146,3
"g_train_0360.png",128,89,144,146,3
"g_train_0361.png",128,90,144,147,3
"g_train_0362.png",128,90,144,147,3
"g_train_0364.png",127,90,144,147,3
"g_train_0365.png",127,90,144,147,3
"g_train_0366.png",127,90,144,147,3
"g_train_0367.png",127,90,144,147,3
"g_train_0368.png",128,90,144,147,3
"g_train_0369.png",128,90,144,147,3
"g_train_0370.png",127,90,144,147,3
"g_train_0371.png",127,90,143,147,3
"g_train_0372.png",128,90,144,146,3
"g_train_0373.png",127,90,144,147,3
"g_train_0374.png",127,90,144,147,3
"g_train_0375.png",128,90,144,147,3
"g_train_0376.png",127,90,143,147,3
"g_train_0378.png",127,90,144,146,3
"g_train_0379.png",127,90,144,146,3
"g_train_0380.png",128,91,144,147,3
"g_train_0381.png",128,91,144,147,3
"g_train_0382.png",128,91,144,148,3
"g_train_0383.png",127,92,144,148,3
"g_train_0384.png",128,91,143,148,3
"g_train_0385.png",127,92,144,148,3
"g_train_0386.png",128,91,144,148,3
"g_train_0387.png",127,91,144,149,3
"g_train_0388.png",127,92,144,147,3
"g_train_0389.png",127,91,144,149,3
"g_train_0390.png",127,91,143,149,3
"g_train_0391.png",127,92,144,148,3
"g_train_0392.png",127,91,143,149,3
"g_train_0393.png",128,91,143,150,3
"g_train_0394.png",127,92,143,150,3
"g_train_0395.png",128,93,144,151,3
"g_train_0396.png",127,94,144,149,3
"g_train_0398.png",126,93,143,150,3
"g_train_0402.png",127,93,142,151,3
"g_train_0403.png",124,93,142,152,3
"g_train_0404.png",124,91,141,151,3
"g_train_0405.png",124,91,141,151,3
"g_train_0406.png",123,92,141,152,3
"g_train_0407.png",124,92,139,150,3
"g_train_0408.png",123,90,140,149,3
"g_train_0409.png",122,86,139,149,3
"g_train_0410.png",121,89,139,150,3
"g_train_0411.png",122,89,137,151,3
"g_train_0412.png",120,90,138,150,3
"g_train_0416.png",118,89,136,151,3
"g_train_0417.png",119,89,136,150,3
"g_train_0418.png",118,87,135,150,3
"g_train_0419.png",118,87,134,150,3
"g_train_0420.png",117,87,134,151,3
"g_train_0423.png",298,87,316,150,3
"g_train_0424.png",298,87,316,150,3
"g_train_0425.png",297,87,316,147,3
"g_train_0426.png",297,85,314,149,3
"g_train_0427.png",298,88,314,150,3
"g_train_0428.png",295,88,314,150,3
"g_train_0429.png",295,86,313,151,3
"g_train_0430.png",295,85,313,151,3
"g_train_0431.png",295,85,313,151,3
"g_train_0432.png",294,87,313,151,3
"g_train_0433.png",294,87,313,153,3
"g_train_0435.png",292,85,312,153,3
"g_train_0437.png",292,88,311,152,3
"g_train_0440.png",292,84,310,152,3
"g_train_0441.png",291,83,309,152,3
"g_train_0443.png",290,84,308,153,3
"g_train_0444.png",289,83,308,153,3
"g_train_0445.png",290,84,308,153,3
"g_train_0449.png",288,83,307,154,3
"g_train_0450.png",288,83,307,155,3
"g_train_0451.png",288,83,307,155,3
"g_train_0452.png",288,83,307,153,3
"g_train_0453.png",287,81,306,153,3
"g_train_0454.png",287,79,306,152,3
"g_train_0455.png",286,79,305,152,3
"g_train_0456.png",286,80,306,151,3
"g_train_0458.png",286,79,305,151,3
"g_train_0459.png",285,79,305,151,3
"g_train_0460.png",285,78,305,151,3
"g_train_0461.png",285,78,305,151,3
"g_train_0462.png",285,79,306,151,3
"g_train_0463.png",285,79,306,151,3
"g_train_0464.png",285,79,305,151,3
"g_train_0466.png",285,78,306,151,3
"g_train_0468.png",285,79,305,151,3
"g_train_0469.png",285,77,306,152,3
"y_train_0473.png",285,78,304,151,1
"y_train_0475.png",285,79,305,152,1
"y_train_0476.png",285,79,306,152,1
"y_train_0479.png",285,78,304,151,1
"y_train_0480.png",285,78,305,151,1
"y_train_0481.png",285,78,306,149,1
"y_train_0482.png",285,77,305,149,1
"y_train_0483.png",285,75,306,148,1
"y_train_0484.png",285,74,306,146,1
"y_train_0486.png",287,71,305,145,1
"y_train_0487.png",287,72,306,145,1
"y_train_0488.png",287,72,307,144,1
"y_train_0489.png",288,72,307,144,1
"y_train_0491.png",290,72,309,143,1
"y_train_0494.png",294,75,313,145,1
"y_train_0495.png",295,76,314,144,1
"y_train_0496.png",297,76,316,145,1
"y_train_0497.png",298,76,317,144,1
"y_train_0498.png",118,77,136,144,1
"y_train_0499.png",121,77,139,145,1
"y_train_0500.png",121,78,139,144,1
"y_train_0502.png",124,81,144,146,1
"y_train_0504.png",129,82,146,148,1
"y_train_0505.png",129,82,147,146,1
"y_train_0506.png",133,83,149,147,1
"y_train_0511.png",142,87,160,148,1
"y_train_0512.png",146,88,162,148,1
"y_train_0513.png",149,87,164,148,1
"y_train_0515.png",155,87,170,147,1
"y_train_0516.png",159,87,176,146,1
"y_train_0518.png",165,89,183,146,1
"y_train_0519.png",171,89,187,146,1
"y_train_0520.png",172,92,190,145,1
"y_train_0522.png",180,89,196,146,1
"y_train_0523.png",184,90,201,145,1
"y_train_0524.png",189,90,205,146,1
"y_train_0527.png",197,92,213,147,1
"y_train_0528.png",199,92,216,145,1
"y_train_0529.png",205,92,219,146,1
"y_train_0530.png",204,92,220,145,1
"y_train_0531.png",207,92,223,145,1
"r_train_0533.png",208,93,223,144,2
"r_train_0535.png",208,91,223,144,2
"r_train_0536.png",208,91,223,144,2
"r_train_0537.png",207,95,223,143,2
"r_train_0538.png",207,91,221,143,2
"r_train_0539.png",204,93,219,143,2
"r_train_0540.png",204,93,218,144,2
"r_train_0541.png",201,93,215,145,2
"r_train_0542.png",200,93,214,144,2
"r_train_0543.png",197,95,211,145,2
"r_train_0544.png",192,95,206,145,2
"r_train_0545.png",190,95,205,145,2
"r_train_0546.png",186,94,200,144,2
"r_train_0547.png",184,95,199,145,2
"r_train_0548.png",182,99,196,146,2
"r_train_0549.png",177,95,191,145,2
"r_train_0550.png",176,95,190,145,2
"r_train_0551.png",173,96,187,145,2
"r_train_0553.png",168,97,183,144,2
"r_train_0554.png",166,95,180,143,2
"r_train_0555.png",165,96,178,145,2
"r_train_0556.png",162,95,176,142,2
"r_train_0558.png",160,97,172,144,2
"r_train_0559.png",156,96,171,143,2
"r_train_0560.png",154,96,169,142,2
"r_train_0562.png",152,97,165,144,2
"r_train_0565.png",147,99,160,147,2
"r_train_0566.png",146,99,158,149,2
"r_train_0567.png",144,99,158,149,2
"r_train_0568.png",144,99,157,150,2
"r_train_0570.png",142,100,157,145,2
"r_train_0571.png",143,100,156,146,2
"r_train_0572.png",142,99,156,146,2
"r_train_0573.png",143,99,156,146,2
"r_train_0574.png",142,99,156,146,2
"r_train_0575.png",143,100,156,146,2
"r_train_0576.png",141,100,156,145,2
"r_train_0578.png",141,99,156,145,2
"r_train_0579.png",142,100,156,146,2
"r_train_0580.png",141,100,156,144,2
"r_train_0581.png",142,99,154,144,2
"r_train_0582.png",142,99,156,146,2
"r_train_0583.png",142,97,156,145,2
"r_train_0584.png",141,97,155,143,2
"r_train_0585.png",142,97,156,144,2
"r_train_0586.png",141,98,156,144,2
"r_train_0587.png",142,98,156,144,2
"r_train_0588.png",142,97,155,145,2
"r_train_0589.png",143,98,156,144,2
"r_train_0590.png",142,97,156,145,2
"r_train_0591.png",141,99,156,143,2
"r_train_0592.png",143,98,156,145,2
"r_train_0593.png",142,98,156,144,2
"r_train_0594.png",143,98,156,144,2
"r_train_0596.png",143,98,156,144,2
"r_train_0597.png",141,97,154,144,2
"r_train_0598.png",142,97,155,144,2
"r_train_0601.png",142,97,155,145,2
"r_train_0602.png",143,98,156,144,2
"r_train_0603.png",142,97,156,144,2
"r_train_0604.png",142,97,155,144,2
"r_train_0605.png",143,98,155,144,2
"r_train_0606.png",143,98,156,144,2
"r_train_0607.png",142,99,156,144,2
"r_train_0608.png",142,98,155,144,2
"r_train_0609.png",141,98,156,143,2
"r_train_0610.png",141,98,156,144,2
"r_train_0611.png",142,97,156,143,2
"r_train_0612.png",142,98,156,143,2
"r_train_0613.png",143,98,156,145,2
"r_train_0615.png",141,97,156,144,2
"r_train_0616.png",141,98,156,144,2
"r_train_0617.png",142,97,155,145,2
"r_train_0618.png",142,93,156,144,2
"r_train_0619.png",142,98,155,145,2
"r_train_0621.png",142,97,156,145,2
"r_train_0622.png",142,97,156,145,2
"r_train_0623.png",142,98,156,145,2
"r_train_0624.png",142,97,156,145,2
"r_train_0625.png",143,98,156,145,2
"r_train_0626.png",143,98,156,145,2
"r_train_0627.png",143,98,156,145,2
"r_train_0628.png",143,99,155,145,2
"r_train_0629.png",142,98,156,145,2
"r_train_0630.png",142,99,156,145,2
"r_train_0631.png",142,100,156,145,2
"r_train_0632.png",142,100,155,146,2
"r_train_0633.png",142,100,156,150,2
"r_train_0634.png",142,101,156,148,2
"r_train_0635.png",143,102,156,149,2
"r_train_0636.png",142,103,156,150,2
"r_train_0637.png",142,104,156,151,2
"r_train_0638.png",142,105,156,154,2
"r_train_0639.png",142,106,157,152,2
"r_train_0640.png",143,105,156,155,2
"r_train_0641.png",142,105,156,154,2
"r_train_0642.png",142,105,155,154,2
"r_train_0643.png",142,106,156,154,2
"r_train_0644.png",141,103,155,149,2
"r_train_0645.png",141,104,156,151,2
"r_train_0647.png",139,103,154,151,2
"r_train_0648.png",140,104,154,153,2
"r_train_0650.png",138,103,153,152,2
"r_train_0651.png",138,101,152,152,2
"r_train_0652.png",138,101,151,151,2
"r_train_0653.png",136,99,151,149,2
"r_train_0654.png",137,98,151,151,2
"g_train_0658.png",135,96,149,149,3
"g_train_0659.png",133,95,148,152,3
"g_train_0660.png",133,95,150,153,3
"g_train_0662.png",132,97,148,152,3
"g_train_0663.png",132,97,148,151,3
"g_train_0664.png",130,94,148,151,3
"g_train_0665.png",131,93,147,150,3
"g_train_0666.png",131,91,146,149,3
"g_train_0667.png",130,91,147,148,3
"g_train_0668.png",129,90,145,148,3
"g_train_0669.png",127,90,145,148,3
"g_train_0670.png",128,90,144,148,3
"g_train_0671.png",126,89,143,148,3
"g_train_0672.png",127,88,142,149,3
"g_train_0675.png",126,90,141,149,3
"g_train_0677.png",121,91,138,150,3
"g_train_0678.png",117,87,134,156,3
"g_train_0679.png",295,87,314,151,3
"g_train_0680.png",294,85,312,151,3
"g_train_0682.png",285,83,304,151,3
"g_train_0683.png",277,83,296,151,3
"g_train_0684.png",271,84,291,153,3
"g_train_0685.png",268,88,288,153,3
"g_train_0686.png",261,85,282,154,3
"g_train_0688.png",252,84,273,154,3
"g_train_0689.png",247,82,265,155,3
"g_train_0690.png",241,81,262,155,3
"g_train_0691.png",236,81,256,157,3
"g_train_0693.png",226,81,247,160,3
"g_train_0694.png",219,80,241,158,3
"g_train_0695.png",216,79,238,158,3
"g_train_0696.png",207,75,231,156,3
"g_train_0697.png",205,75,228,157,3
"g_train_0699.png",193,76,216,160,3
"g_train_0700.png",189,75,211,161,3
"g_train_0703.png",175,76,199,164,3
"g_train_0704.png",169,74,193,165,3
"g_train_0706.png",159,69,184,164,3
"g_train_0707.png",155,70,181,165,3
"g_train_0709.png",140,67,167,168,3
"g_train_0711.png",127,63,156,167,3
"g_train_0712.png",124,63,152,166,3
"g_train_0713.png",117,58,144,164,3
"g_train_0714.png",106,52,136,160,3
"g_train_0717.png",92,42,121,164,3
"y_train_0825.png",120,55,153,176,1
"y_train_0831.png",163,46,194,161,1
"y_train_0834.png",184,51,215,158,1
"y_train_0839.png",210,63,238,166,1
"r_train_0844.png",232,75,259,167,2
"r_train_0845.png",236,75,262,167,2
"r_train_0848.png",247,72,272,167,2
"r_train_0849.png",251,74,276,166,2
"r_train_0850.png",253,73,278,166,2
"r_train_0852.png",258,74,283,164,2
"r_train_0854.png",262,77,287,164,2
"r_train_0856.png",264,78,287,169,2
"r_train_0857.png",265,80,289,165,2
"r_train_0859.png",265,77,289,161,2
"r_train_0860.png",265,78,289,160,2
"r_train_0861.png",267,78,289,161,2
"r_train_0864.png",266,77,288,158,2
"r_train_0865.png",265,77,288,157,2
"r_train_0866.png",267,77,289,156,2
"r_train_0867.png",267,77,289,155,2
"r_train_0868.png",267,78,289,155,2
"r_train_0869.png",267,78,289,155,2
"r_train_0871.png",268,82,290,163,2
"r_train_0872.png",270,83,291,158,2
"r_train_0873.png",271,83,292,158,2
"r_train_0874.png",271,81,292,155,2
"r_train_0875.png",272,80,292,155,2
"r_train_0877.png",273,82,294,155,2
"r_train_0878.png",275,83,293,156,2
"r_train_0879.png",273,84,293,156,2
"r_train_0880.png",274,84,294,155,2
"r_train_0881.png",274,83,294,155,2
"r_train_0882.png",274,83,294,153,2
"r_train_0883.png",274,83,295,152,2
"r_train_0885.png",276,84,295,153,2
"r_train_0886.png",276,85,295,153,2
"r_train_0887.png",276,84,295,152,2
"r_train_0888.png",276,85,295,153,2
"r_train_0889.png",278,86,295,153,2
"r_train_0890.png",276,85,295,153,2
"r_train_0891.png",277,87,295,153,2
"r_train_0893.png",278,87,295,154,2
"r_train_0895.png",278,89,297,153,2
"r_train_0896.png",277,88,296,153,2
"r_train_0897.png",277,87,295,150,2
"r_train_0898.png",279,87,296,152,2
"r_train_0899.png",279,89,296,153,2
"r_train_0900.png",279,90,297,153,2
"r_train_0901.png",279,90,297,154,2
"r_train_0902.png",279,91,296,153,2
"r_train_0904.png",280,91,297,152,2
"r_train_0905.png",281,91,297,152,2
"r_train_0906.png",280,91,297,151,2
"r_train_0908.png",280,90,298,151,2
"r_train_0909.png",281,90,298,150,2
"r_train_0910.png",282,95,298,151,2
"r_train_0911.png",282,93,298,149,2
"r_train_0912.png",282,90,299,151,2
"r_train_0913.png",282,89,298,149,2
"r_train_0914.png",283,91,300,148,2
"r_train_0915.png",283,92,300,149,2
"r_train_0916.png",283,91,300,149,2
"r_train_0917.png",284,90,300,149,2
"r_train_0919.png",283,89,301,148,2
"r_train_0923.png",285,89,301,146,2
"r_train_0925.png",287,89,302,146,2
"r_train_0927.png",287,91,302,146,2
"r_train_0928.png",286,91,303,145,2
"r_train_0929.png",288,91,303,146,2
"r_train_0930.png",288,91,302,145,2
"r_train_0931.png",288,91,303,145,2
"r_train_0932.png",288,91,303,145,2
"r_train_0933.png",288,93,304,145,2
"r_train_0935.png",289,95,304,144,2
"r_train_0937.png",290,91,305,147,2
"r_train_0938.png",289,93,304,144,2
"r_train_0939.png",289,91,305,143,2
"r_train_0940.png",289,91,305,142,2
"r_train_0941.png",289,91,305,143,2
"r_train_0942.png",291,92,306,142,2
"r_train_0943.png",290,89,306,142,2
"r_train_0944.png",291,90,306,142,2
"r_train_0945.png",293,89,304,140,2
"r_train_0946.png",291,91,305,143,2
"r_train_0948.png",291,91,306,141,2
"r_train_0949.png",291,89,305,141,2
"r_train_0950.png",291,90,306,141,2
"r_train_0953.png",291,92,307,141,2
"r_train_0954.png",291,92,306,141,2
"r_train_0955.png",291,91,305,142,2
"r_train_0956.png",291,92,306,141,2
"r_train_0959.png",291,91,305,142,2
"r_train_0960.png",291,91,305,141,2
"r_train_0961.png",291,92,306,141,2
"r_train_0962.png",291,91,305,141,2
"r_train_0963.png",291,91,306,141,2
"r_train_0964.png",291,91,305,140,2
"r_train_0965.png",291,92,304,141,2
"r_train_0966.png",291,93,306,140,2
"g_train_0971.png",290,92,304,139,3
"g_train_0972.png",291,92,304,139,3
"g_train_0973.png",291,92,306,141,3
"g_train_0974.png",291,92,305,139,3
"g_train_0975.png",291,93,306,141,3
"g_train_0977.png",291,94,304,142,3
"g_train_0979.png",292,95,304,142,3
"g_train_0980.png",291,95,305,141,3
"g_train_0981.png",291,94,305,142,3
"g_train_0982.png",291,96,306,143,3
"g_train_0983.png",293,101,304,143,3
"g_train_0985.png",291,99,305,144,3
"g_train_0986.png",291,98,304,144,3
"g_train_0988.png",293,97,304,143,3
"g_train_0989.png",291,97,304,143,3
"g_train_0991.png",293,108,304,142,3
"g_train_0992.png",291,97,304,142,3
"g_train_0994.png",293,97,303,141,3
"g_train_0995.png",293,97,304,141,3
"g_train_0996.png",291,95,304,141,3
"g_train_0997.png",291,95,304,139,3
"g_train_0998.png",291,95,304,139,3
"g_train_1000.png",291,95,303,139,3
"g_train_1002.png",291,96,304,138,3
"g_train_1003.png",293,96,304,139,3
"g_train_1004.png",291,98,304,140,3
"g_train_1007.png",291,96,304,140,3
"g_train_1009.png",291,97,304,140,3
"g_train_1013.png",291,97,304,140,3
"g_train_1014.png",293,99,304,141,3
"g_train_1018.png",291,97,304,139,3
"g_train_1019.png",290,97,303,139,3
"g_train_1020.png",291,97,304,139,3
"g_train_1021.png",291,98,304,140,3
"g_train_1022.png",291,98,303,140,3
"g_train_1024.png",291,98,304,139,3
"g_train_1025.png",291,97,303,139,3
"g_train_1026.png",291,98,304,139,3
"g_train_1027.png",291,98,304,140,3
"g_train_1028.png",291,98,304,140,3
"g_train_1029.png",291,99,304,141,3
"g_train_1030.png",291,99,304,141,3
"g_train_1031.png",291,100,304,141,3
"g_train_1033.png",291,100,304,141,3
"g_train_1035.png",291,101,303,143,3
"g_train_1037.png",291,102,304,141,3
"g_train_1041.png",291,103,303,143,3
"g_train_1042.png",291,103,303,143,3
"g_train_1043.png",291,106,304,142,3
"g_train_1045.png",291,103,304,144,3
"g_train_1046.png",293,103,303,143,3
"g_train_1048.png",291,103,303,143,3
"g_train_1051.png",291,103,304,144,3
"g_train_1052.png",291,104,304,143,3
"g_train_1054.png",291,102,303,143,3
"g_train_1056.png",291,102,303,143,3
"g_train_1057.png",291,104,304,144,3
"g_train_1058.png",291,102,303,143,3
"g_train_1059.png",291,101,303,143,3
"g_train_1060.png",291,102,303,143,3
"g_train_1061.png",291,102,304,143,3
"g_train_1062.png",293,102,303,143,3
"g_train_1063.png",291,102,304,143,3
"g_train_1064.png",291,102,304,143,3
"g_train_1065.png",291,102,303,143,3
"g_train_1066.png",291,102,304,143,3
"g_train_1068.png",293,102,303,143,3
"g_train_1071.png",291,102,304,143,3
"g_train_1072.png",291,102,303,143,3
"g_train_1073.png",291,102,304,142,3
"g_train_1074.png",291,102,303,143,3
"g_train_1076.png",291,103,303,143,3
"g_train_1079.png",291,103,304,143,3
"g_train_1081.png",293,106,304,145,3
"g_train_1083.png",291,103,303,143,3
"g_train_1084.png",291,103,304,143,3
"g_train_1085.png",291,103,303,144,3
"g_train_1089.png",291,102,304,143,3
"y_train_1093.png",291,98,304,143,1
"y_train_1094.png",291,102,304,142,1
"y_train_1095.png",291,102,304,142,1
"y_train_1096.png",291,100,304,142,1
"y_train_1098.png",292,100,304,140,1
"y_train_1100.png",291,99,304,140,1
"y_train_1101.png",293,100,304,141,1
"y_train_1104.png",291,99,304,142,1
"y_train_1105.png",291,99,304,143,1
"y_train_1106.png",293,101,304,144,1
"y_train_1108.png",293,101,304,145,1
"y_train_1109.png",292,101,306,144,1
"y_train_1111.png",293,100,305,144,1
"y_train_1112.png",292,100,306,143,1
"y_train_1113.png",292,100,306,143,1
"y_train_1114.png",293,99,305,144,1
"y_train_1115.png",292,100,306,143,1
"y_train_1116.png",292,100,306,144,1
"y_train_1117.png",292,99,305,144,1
"y_train_1118.png",293,100,304,145,1
"y_train_1119.png",291,99,304,145,1
"y_train_1120.png",291,100,305,147,1
"y_train_1123.png",291,100,304,145,1
"y_train_1124.png",291,102,304,147,1
"y_train_1125.png",290,101,304,147,1
"y_train_1126.png",291,101,304,148,1
"y_train_1127.png",290,101,303,148,1
"y_train_1128.png",290,102,304,147,1
"y_train_1130.png",290,100,303,147,1
"y_train_1132.png",289,98,303,145,1
"y_train_1134.png",288,95,301,143,1
"y_train_1135.png",288,94,302,142,1
"y_train_1136.png",287,94,301,141,1
"y_train_1137.png",286,94,301,142,1
"y_train_1138.png",287,93,301,143,1
"y_train_1139.png",285,93,300,141,1
"y_train_1141.png",285,93,300,142,1
"y_train_1143.png",283,91,300,142,1
"y_train_1144.png",284,91,298,142,1
"y_train_1145.png",284,91,298,142,1
"y_train_1146.png",284,91,298,142,1
"y_train_1147.png",282,90,296,142,1
"y_train_1148.png",282,91,297,142,1
"y_train_1149.png",280,89,296,141,1
"y_train_1151.png",281,90,297,143,1
"y_train_1152.png",281,89,295,143,1
"r_train_1154.png",279,90,295,143,2
"r_train_1155.png",280,91,295,145,2
"r_train_1156.png",279,91,295,145,2
"r_train_1158.png",279,89,295,145,2
"r_train_1159.png",279,89,296,146,2
"r_train_1160.png",277,89,293,146,2
"r_train_1162.png",277,89,293,146,2
"r_train_1163.png",277,89,294,146,2
"r_train_1164.png",277,90,294,147,2
"r_train_1165.png",277,89,293,148,2
"r_train_1166.png",276,89,292,149,2
"r_train_1167.png",276,89,293,149,2
"r_train_1168.png",276,92,292,148,2
"r_train_1170.png",274,88,292,149,2
"r_train_1171.png",274,88,292,150,2
"r_train_1172.png",274,89,293,150,2
"r_train_1175.png",273,89,291,150,2
"r_train_1176.png",273,89,291,152,2
"r_train_1177.png",273,88,291,151,2
"r_train_1178.png",271,87,289,151,2
"r_train_1180.png",270,85,288,151,2
"r_train_1181.png",272,85,289,152,2
"r_train_1183.png",270,85,287,152,2
"r_train_1186.png",269,84,288,152,2
"r_train_1187.png",267,84,287,150,2
"r_train_1191.png",265,83,285,152,2
"r_train_1192.png",265,83,286,153,2
"r_train_1193.png",266,81,284,153,2
"r_train_1195.png",264,82,285,154,2
"r_train_1196.png",265,83,285,156,2
"r_train_1197.png",264,82,285,156,2
"r_train_1198.png",264,81,284,156,2
"r_train_1199.png",264,81,284,156,2
"r_train_1200.png",262,80,284,157,2
"r_train_1201.png",261,82,283,158,2
"r_train_1204.png",261,78,283,156,2
"r_train_1206.png",259,76,282,156,2
"r_train_1207.png",259,77,282,156,2
"r_train_1208.png",259,77,282,158,2
"r_train_1209.png",259,77,282,159,2
"r_train_1216.png",257,76,280,166,2
"r_train_1217.png",257,76,281,167,2
"r_train_1218.png",255,74,280,163,2
"r_train_1219.png",255,72,280,164,2
"r_train_1220.png",255,72,281,162,2
"r_train_1225.png",253,70,280,167,2
"r_train_1228.png",252,69,280,168,2
"r_train_1230.png",252,60,280,164,2
"r_train_1231.png",252,57,281,164,2
"r_train_1234.png",252,47,281,159,2
"r_train_1235.png",252,46,282,158,2
"r_train_1238.png",250,42,282,158,2
"r_train_1239.png",250,44,282,160,2
"r_train_1241.png",248,48,280,168,2
"r_train_1242.png",248,49,280,171,2
"r_train_1243.png",247,51,279,172,2
"r_train_1245.png",245,57,277,176,2
"r_train_1252.png",239,44,274,174,2
"g_train_1285.png",236,45,273,181,3
"g_train_1293.png",237,40,273,176,3
"g_train_1298.png",238,42,274,174,3
"g_train_1310.png",247,51,277,170,3
"g_train_1314.png",251,45,281,165,3
"g_train_1315.png",251,43,281,160,3
"g_train_1318.png",255,45,285,156,3
"g_train_1320.png",257,50,285,159,3
"g_train_1321.png",257,54,285,162,3
"g_train_1322.png",256,56,285,162,3
"g_train_1323.png",258,59,286,162,3
"g_train_1324.png",259,60,286,162,3
"g_train_1326.png",260,65,286,165,3
"g_train_1330.png",261,68,288,165,3
"g_train_1334.png",265,72,290,165,3
"g_train_1336.png",268,74,294,162,3
"g_train_1338.png",272,77,295,165,3
"g_train_1339.png",271,78,295,164,3
"g_train_1341.png",273,78,296,167,3
"g_train_1342.png",274,77,297,161,3
"g_train_1344.png",276,76,298,158,3
"g_train_1346.png",280,78,301,157,3
"g_train_1348.png",281,77,303,155,3
"g_train_1350.png",282,77,304,155,3
"g_train_1351.png",284,79,304,156,3
"g_train_1352.png",285,81,306,157,3
"g_train_1355.png",288,79,308,153,3
"g_train_1356.png",290,80,310,154,3
"g_train_1357.png",290,81,310,155,3
"g_train_1358.png",291,84,312,154,3
"g_train_1359.png",291,83,311,155,3
"g_train_1360.png",292,82,311,153,3
"g_train_1361.png",293,83,312,153,3
"g_train_1362.png",293,83,311,153,3
"g_train_1363.png",295,84,314,148,3
"g_train_1364.png",294,83,314,153,3
"g_train_1367.png",295,85,313,152,3
"g_train_1368.png",296,86,314,152,3
"g_train_1370.png",297,87,314,151,3
"g_train_1373.png",299,89,317,153,3
"g_train_1374.png",299,89,316,152,3
"g_train_1375.png",118,89,134,152,3
"g_train_1376.png",120,89,137,152,3
"g_train_1377.png",122,89,139,151,3
"g_train_1378.png",125,90,142,150,3
"g_train_1380.png",129,90,147,147,3
"g_train_1381.png",133,89,149,148,3
"g_train_1382.png",135,90,151,149,3
"g_train_1383.png",138,98,154,152,3
"g_train_1384.png",140,91,156,149,3
"g_train_1385.png",141,94,157,147,3
"g_train_1386.png",145,90,162,145,3
"g_train_1387.png",148,90,163,146,3
"g_train_1389.png",151,90,167,145,3
"g_train_1390.png",156,89,172,145,3
"g_train_1391.png",161,91,175,146,3
"g_train_1392.png",162,91,178,143,3
"g_train_1393.png",167,91,183,145,3
"g_train_1394.png",169,90,184,144,3
"g_train_1397.png",178,90,194,145,3
"g_train_1399.png",183,90,199,143,3
"g_train_1401.png",189,89,205,142,3
"y_train_1405.png",196,93,211,143,1
"y_train_1407.png",198,93,211,144,1
"y_train_1408.png",198,93,212,143,1
"y_train_1409.png",198,93,213,143,1
"y_train_1411.png",198,94,211,143,1
"y_train_1412.png",198,95,211,143,1
"y_train_1413.png",196,95,211,143,1
"y_train_1415.png",197,96,210,144,1
"y_train_1416.png",197,96,209,145,1
"y_train_1417.png",195,96,209,143,1
"y_train_1419.png",193,100,208,145,1
"y_train_1420.png",194,99,206,147,1
"y_train_1421.png",192,101,206,147,1
"y_train_1422.png",195,101,205,148,1
"y_train_1423.png",194,101,205,148,1
"y_train_1425.png",190,103,205,149,1
"y_train_1426.png",191,102,203,150,1
"y_train_1427.png",191,103,204,150,1
"y_train_1428.png",190,102,203,149,1
"y_train_1430.png",190,102,203,149,1
"y_train_1431.png",191,99,203,147,1
"y_train_1432.png",191,99,203,146,1
"y_train_1434.png",191,98,204,145,1
"y_train_1435.png",191,98,203,146,1
"y_train_1436.png",191,99,205,146,1
"y_train_1438.png",190,99,205,147,1
"y_train_1442.png",193,102,207,147,1
"y_train_1443.png",195,101,208,149,1
"y_train_1445.png",198,101,211,149,1
"y_train_1449.png",206,102,218,151,1
"y_train_1450.png",209,101,222,150,1
"y_train_1451.png",211,102,226,148,1
"y_train_1453.png",219,100,232,149,1
"y_train_1456.png",229,100,244,148,1
"y_train_1457.png",233,98,246,149,1
"y_train_1459.png",240,98,253,149,1
"y_train_1460.png",245,98,259,149,1
"y_train_1461.png",247,98,262,148,1
"y_train_1463.png",256,97,271,147,1
"r_train_1469.png",273,94,289,147,2
"r_train_1471.png",275,93,289,149,2
"r_train_1472.png",272,94,289,146,2
"r_train_1474.png",271,92,288,147,2
"r_train_1476.png",270,91,286,149,2
"r_train_1477.png",268,91,285,149,2
"r_train_1479.png",266,90,282,149,2
"r_train_1480.png",264,90,280,148,2
"r_train_1481.png",261,89,279,149,2
"r_train_1482.png",260,89,276,151,2
"r_train_1483.png",255,89,273,151,2
"r_train_1484.png",252,89,270,151,2
"r_train_1485.png",248,89,265,152,2
"r_train_1487.png",237,89,255,153,2
"r_train_1488.png",229,87,247,153,2
"r_train_1489.png",225,87,244,153,2
"r_train_1490.png",218,86,237,152,2
"r_train_1491.png",209,91,229,151,2
"r_train_1492.png",205,85,225,152,2
"r_train_1493.png",195,85,214,152,2
"r_train_1494.png",190,84,210,151,2
"r_train_1495.png",182,83,201,153,2
"r_train_1496.png",173,85,191,155,2
"r_train_1497.png",166,84,187,155,2
"r_train_1498.png",158,86,178,155,2
"r_train_1500.png",142,82,163,155,2
"r_train_1501.png",132,81,152,154,2
"r_train_1502.png",126,80,148,154,2
"r_train_1504.png",294,79,315,157,2
"r_train_1506.png",275,81,296,159,2
"r_train_1507.png",271,79,293,159,2
"r_train_1508.png",261,77,283,157,2
"r_train_1509.png",258,76,280,157,2
"r_train_1510.png",249,75,271,157,2
"r_train_1512.png",239,75,262,159,2
"r_train_1513.png",229,74,253,159,2
"r_train_1514.png",226,75,250,161,2
"r_train_1515.png",217,75,241,162,2
"r_train_1516.png",208,75,234,162,2
"r_train_1517.png",204,74,229,163,2
"r_train_1518.png",195,71,220,161,2
"r_train_1519.png",190,71,216,162,2
"r_train_1520.png",183,70,208,162,2
"r_train_1521.png",175,68,199,162,2
"r_train_1523.png",161,68,186,165,2
"r_train_1536.png",98,39,130,158,2
"r_train_1555.png",75,44,112,180,2
"r_train_1562.png",57,39,96,180,2
"g_train_1619.png",41,33,80,181,3
"g_train_1622.png",62,37,97,188,3
"g_train_1632.png",121,52,156,176,3
"g_train_1634.png",133,53,165,175,3
"g_train_1635.png",139,53,172,175,3
"g_train_1637.png",151,53,182,171,3
"g_train_1642.png",181,45,210,156,3
"g_train_1644.png",191,47,220,157,3
"g_train_1645.png",198,51,226,159,3
"g_train_1646.png",204,55,232,161,3
"g_train_1647.png",208,57,235,162,3
"g_train_1648.png",213,60,241,164,3
"g_train_1649.png",218,61,245,165,3
"g_train_1652.png",234,67,261,166,3
"g_train_1653.png",242,68,268,166,3
"g_train_1656.png",258,70,284,165,3
"g_train_1661.png",283,74,308,163,3
"g_train_1662.png",288,73,312,163,3
"g_train_1663.png",294,76,317,162,3
"g_train_1666.png",124,77,147,159,3
"g_train_1667.png",124,77,148,160,3
"g_train_1669.png",130,76,154,160,3
"g_train_1671.png",132,77,154,158,3
"g_train_1672.png",131,77,152,158,3
"g_train_1673.png",129,77,151,156,3
"g_train_1674.png",127,77,150,157,3
"g_train_1677.png",122,82,142,158,3
"g_train_1678.png",118,81,139,157,3
"g_train_1680.png",297,80,317,155,3
"g_train_1681.png",293,80,313,154,3
"g_train_1682.png",291,81,312,153,3
"g_train_1684.png",287,84,306,155,3
"g_train_1686.png",277,83,298,156,3
"g_train_1687.png",276,86,293,153,3
"g_train_1688.png",273,83,292,151,3
"g_train_1689.png",271,85,291,153,3
"g_train_1691.png",265,85,283,152,3
"g_train_1692.png",262,86,282,151,3
"g_train_1693.png",261,87,279,153,3
"g_train_1694.png",260,88,277,153,3
"g_train_1695.png",258,88,276,153,3
"g_train_1696.png",256,87,275,151,3
"g_train_1697.png",257,88,274,151,3
"g_train_1698.png",256,87,272,152,3
"g_train_1700.png",253,89,271,152,3
"g_train_1701.png",252,89,270,152,3
"g_train_1702.png",254,89,270,152,3
"g_train_1703.png",253,90,271,149,3
"g_train_1704.png",255,91,273,151,3
"g_train_1708.png",268,89,284,149,3
"g_train_1709.png",272,90,288,149,3
"g_train_1710.png",277,91,293,150,3
"g_train_1712.png",288,91,304,148,3
"y_train_1715.png",123,91,139,147,1
"y_train_1716.png",129,91,145,147,1
"y_train_1717.png",134,91,149,147,1
"y_train_1719.png",144,91,159,147,1
"y_train_1720.png",150,93,165,147,1
"y_train_1721.png",153,93,169,146,1
"y_train_1723.png",159,93,173,146,1
"y_train_1724.png",159,95,175,145,1
"y_train_1725.png",162,93,177,146,1
"y_train_1726.png",162,93,178,145,1
"y_train_1727.png",163,93,178,145,1
"y_train_1728.png",163,93,178,144,1
"y_train_1729.png",163,93,178,144,1
"y_train_1730.png",163,93,178,145,1
"y_train_1732.png",162,95,176,146,1
"y_train_1733.png",160,95,175,145,1
"y_train_1734.png",160,99,175,145,1
"y_train_1735.png",159,95,173,149,1
"y_train_1736.png",159,96,174,146,1
"y_train_1737.png",158,96,173,145,1
"y_train_1740.png",157,95,171,146,1
"y_train_1741.png",156,96,171,146,1
"y_train_1744.png",156,97,171,147,1
"y_train_1745.png",156,97,171,146,1
"y_train_1746.png",156,95,170,146,1
"y_train_1748.png",156,95,171,145,1
"y_train_1749.png",156,94,171,144,1
"y_train_1750.png",156,93,171,144,1
"y_train_1751.png",156,94,171,144,1
"y_train_1753.png",156,94,171,144,1
"y_train_1754.png",156,95,171,145,1
"y_train_1755.png",156,95,170,145,1
"y_train_1756.png",156,95,170,146,1
"y_train_1757.png",156,96,171,146,1
"y_train_1758.png",157,97,170,150,1
"y_train_1759.png",156,97,170,150,1
"y_train_1760.png",157,98,172,147,1
"y_train_1761.png",157,97,172,148,1
"y_train_1762.png",157,98,172,148,1
"y_train_1763.png",158,97,172,149,1
"y_train_1765.png",157,99,174,150,1
"y_train_1767.png",159,99,173,150,1
"y_train_1768.png",159,100,174,149,1
"y_train_1769.png",159,99,173,151,1
"y_train_1770.png",159,99,173,152,1
"y_train_1771.png",159,98,173,151,1
"y_train_1773.png",159,98,173,150,1
"y_train_1774.png",159,98,175,150,1
"r_train_1776.png",159,97,173,151,2
"r_train_1777.png",158,99,174,152,2
"r_train_1778.png",156,98,172,150,2
"r_train_1779.png",155,97,170,151,2
"r_train_1780.png",151,97,167,152,2
"r_train_1781.png",150,98,166,152,2
"r_train_1782.png",147,96,163,151,2
"r_train_1783.png",145,95,160,151,2
"r_train_1784.png",143,95,159,151,2
"r_train_1785.png",139,95,155,150,2
"r_train_1787.png",132,93,148,149,2
"r_train_1788.png",127,92,145,150,2
"r_train_1789.png",126,92,142,150,2
"r_train_1790.png",122,93,139,151,2
"r_train_1791.png",117,91,135,151,2
"r_train_1792.png",298,91,314,150,2
"r_train_1794.png",291,90,308,150,2
"r_train_1796.png",282,90,299,152,2
"r_train_1797.png",279,90,297,152,2
"r_train_1798.png",274,89,292,152,2
"r_train_1799.png",273,90,290,155,2
"r_train_1800.png",267,88,286,151,2
"r_train_1801.png",262,88,281,150,2
"r_train_1802.png",261,87,278,151,2
"r_train_1803.png",257,87,274,152,2
"r_train_1804.png",254,87,273,152,2
"r_train_1808.png",237,83,256,151,2
"r_train_1809.png",236,83,254,154,2
"r_train_1810.png",231,83,250,152,2
"r_train_1811.png",231,84,250,154,2
"r_train_1813.png",231,83,250,154,2
"r_train_1815.png",233,81,252,155,2
"r_train_1817.png",235,81,256,154,2
"r_train_1818.png",238,80,258,154,2
"r_train_1819.png",239,80,259,156,2
"r_train_1820.png",240,80,262,157,2
"r_train_1821.png",243,79,263,158,2
"r_train_1822.png",245,77,266,157,2
"r_train_1825.png",251,73,272,155,2
"r_train_1826.png",255,73,277,157,2
"r_train_1827.png",258,75,280,158,2
"r_train_1830.png",271,77,295,160,2
"r_train_1831.png",277,76,301,162,2
"r_train_1832.png",280,76,304,162,2
"r_train_1834.png",288,75,312,164,2
"r_train_1835.png",292,75,317,164,2
"r_train_1837.png",120,72,145,164,2
"r_train_1842.png",141,67,167,165,2
"r_train_1844.png",150,65,176,165,2
"r_train_1845.png",154,64,182,165,2
"r_train_1847.png",163,62,191,166,2
"r_train_1851.png",175,52,206,162,2
"r_train_1852.png",177,51,207,163,2
"r_train_1854.png",184,48,214,162,2
"r_train_1859.png",189,49,221,170,2
"r_train_1863.png",178,45,213,173,2
"r_train_1865.png",171,46,207,176,2
"r_train_1867.png",164,48,199,179,2
"r_train_1873.png",291,40,329,185,2
"r_train_1876.png",254,38,293,198,2
"r_train_1877.png",245,38,286,191,2
"r_train_1878.png",228,39,270,195,2
"r_train_1880.png",203,38,246,197,2
"r_train_1882.png",179,33,220,198,2
"r_train_1883.png",159,29,205,197,2
"r_train_1888.png",95,19,142,197,2
"r_train_1893.png",38,10,89,200,2
